snapshot_date,index_name,source_ticker,project_ticker,company_name,sector,preliminary_classification,already_validated,sec_cik,validation_wave,notes,source_url
2026-10-02,S&P 500 Top 50 Index,NVDA,NVDA,NVIDIA Corp,Information Technology,OPERATING_COMPANY_CANDIDATE,false,1045810,A,Large semiconductor operating-company baseline with material recent growth and supply-chain disclosures.,https://dng-api.invesco.com/cache/v1/accounts/en_US/shareclasses/46137V233/holdings/fund?idType=cusip&productType=ETF
2026-10-02,S&P 500 Top 50 Index,AAPL,AAPL,Apple Inc,Information Technology,SUPPORTED_SEED,true,320193,SEED,,https://dng-api.invesco.com/cache/v1/accounts/en_US/shareclasses/46137V233/holdings/fund?idType=cusip&productType=ETF
2026-10-02,S&P 500 Top 50 Index,MSFT,MSFT,Microsoft Corp,Information Technology,SUPPORTED_SEED,true,789019,SEED,,https://dng-api.invesco.com/cache/v1/accounts/en_US/shareclasses/46137V233/holdings/fund?idType=cusip&productType=ETF
2026-10-02,S&P 500 Top 50 Index,AMZN,AMZN,Amazon.com Inc,Consumer Discretionary,OPERATING_COMPANY_CANDIDATE,false,1018724,A,"Lease-heavy, acquisition-diverse operating-company stress case.",https://dng-api.invesco.com/cache/v1/accounts/en_US/shareclasses/46137V233/holdings/fund?idType=cusip&productType=ETF
2026-10-02,S&P 500 Top 50 Index,GOOGL,GOOGL,Alphabet Inc,Communication Services,SUPPORTED_SEED,true,1652044,SEED,Validated Alphabet Class A project ticker; shares SEC CIK 1652044 with GOOG.,https://dng-api.invesco.com/cache/v1/accounts/en_US/shareclasses/46137V233/holdings/fund?idType=cusip&productType=ETF
2026-10-02,S&P 500 Top 50 Index,AVGO,AVGO,Broadcom Inc,Information Technology,OPERATING_COMPANY_CANDIDATE,false,1730168,A,Acquisition-heavy semiconductor issuer with substantial intangible-amortization complexity.,https://dng-api.invesco.com/cache/v1/accounts/en_US/shareclasses/46137V233/holdings/fund?idType=cusip&productType=ETF
2026-10-02,S&P 500 Top 50 Index,GOOG,GOOG,Alphabet Inc,Communication Services,SUPPORTED_SEED,false,1652044,SEED,"Alphabet Class C security; issuer validated through project ticker GOOGL and SEC CIK 1652044, but GOOG was not a separate seed run.",https://dng-api.invesco.com/cache/v1/accounts/en_US/shareclasses/46137V233/holdings/fund?idType=cusip&productType=ETF
2026-10-02,S&P 500 Top 50 Index,META,META,Meta Platforms Inc,Communication Services,SUPPORTED_SEED,true,1326801,SEED,,https://dng-api.invesco.com/cache/v1/accounts/en_US/shareclasses/46137V233/holdings/fund?idType=cusip&productType=ETF
2026-10-02,S&P 500 Top 50 Index,MU,MU,Micron Technology Inc,Information Technology,OPERATING_COMPANY_CANDIDATE,false,723125,A,Non-calendar semiconductor manufacturer with inventory and cyclicality stress cases.,https://dng-api.invesco.com/cache/v1/accounts/en_US/shareclasses/46137V233/holdings/fund?idType=cusip&productType=ETF
2026-10-02,S&P 500 Top 50 Index,TSLA,TSLA,Tesla Inc,Consumer Discretionary,OPERATING_COMPANY_CANDIDATE,false,1318605,A,"Manufacturing, inventory, lease, and financing-activity stress case.",https://dng-api.invesco.com/cache/v1/accounts/en_US/shareclasses/46137V233/holdings/fund?idType=cusip&productType=ETF
2026-10-02,S&P 500 Top 50 Index,AMD,AMD,Advanced Micro Devices Inc,Information Technology,OPERATING_COMPANY_CANDIDATE,false,2488,B,,https://dng-api.invesco.com/cache/v1/accounts/en_US/shareclasses/46137V233/holdings/fund?idType=cusip&productType=ETF
2026-10-02,S&P 500 Top 50 Index,BRK/B,BRK-B,Berkshire Hathaway Inc,Financials,SPECIALIZED_METHODOLOGY_CANDIDATE,false,1067983,SPECIALIZED,Source punctuation maps explicitly to project/SEC ticker BRK-B; insurance and investment operations are material to consolidated economics.,https://dng-api.invesco.com/cache/v1/accounts/en_US/shareclasses/46137V233/holdings/fund?idType=cusip&productType=ETF
2026-10-02,S&P 500 Top 50 Index,LLY,LLY,Eli Lilly & Co,Health Care,OPERATING_COMPANY_CANDIDATE,false,59478,A,"Pharmaceutical acquisition, intangible, and R&D presentation stress case.",https://dng-api.invesco.com/cache/v1/accounts/en_US/shareclasses/46137V233/holdings/fund?idType=cusip&productType=ETF
2026-10-02,S&P 500 Top 50 Index,JPM,JPM,JPMorgan Chase & Co,Financials,SPECIALIZED_METHODOLOGY_CANDIDATE,false,19617,SPECIALIZED,"Bank; deposits, lending, interest spread, and regulatory capital are operating economics.",https://dng-api.invesco.com/cache/v1/accounts/en_US/shareclasses/46137V233/holdings/fund?idType=cusip&productType=ETF
2026-10-02,S&P 500 Top 50 Index,XOM,XOM,ExxonMobil Holdings Corp,Energy,OPERATING_COMPANY_CANDIDATE,false,2115436,A,Capital-intensive integrated energy and asset-retirement-obligation stress case.,https://dng-api.invesco.com/cache/v1/accounts/en_US/shareclasses/46137V233/holdings/fund?idType=cusip&productType=ETF
2026-10-02,S&P 500 Top 50 Index,JNJ,JNJ,Johnson & Johnson,Health Care,OPERATING_COMPANY_CANDIDATE,false,200406,A,"Diversified health-care issuer with acquisition, intangible, and litigation complexity.",https://dng-api.invesco.com/cache/v1/accounts/en_US/shareclasses/46137V233/holdings/fund?idType=cusip&productType=ETF
2026-10-02,S&P 500 Top 50 Index,V,V,Visa Inc,Financials,OPERATING_COMPANY_CANDIDATE,false,1403161,A,Payment-network operating company; financial-sector label does not by itself make financing operational.,https://dng-api.invesco.com/cache/v1/accounts/en_US/shareclasses/46137V233/holdings/fund?idType=cusip&productType=ETF
2026-10-02,S&P 500 Top 50 Index,INTC,INTC,Intel Corp,Information Technology,OPERATING_COMPANY_CANDIDATE,false,50863,A,Capital-intensive semiconductor manufacturing and non-calendar period stress case.,https://dng-api.invesco.com/cache/v1/accounts/en_US/shareclasses/46137V233/holdings/fund?idType=cusip&productType=ETF
2026-10-02,S&P 500 Top 50 Index,WMT,WMT,Walmart Inc,Consumer Staples,OPERATING_COMPANY_CANDIDATE,false,104169,A,"Retail inventory, supplier finance, lease, and non-calendar fiscal-year stress case.",https://dng-api.invesco.com/cache/v1/accounts/en_US/shareclasses/46137V233/holdings/fund?idType=cusip&productType=ETF
2026-10-02,S&P 500 Top 50 Index,ABBV,ABBV,AbbVie Inc,Health Care,OPERATING_COMPANY_CANDIDATE,false,1551152,B,,https://dng-api.invesco.com/cache/v1/accounts/en_US/shareclasses/46137V233/holdings/fund?idType=cusip&productType=ETF
2026-10-02,S&P 500 Top 50 Index,MA,MA,Mastercard Inc,Financials,OPERATING_COMPANY_CANDIDATE,false,1141391,A,Payment-network operating company; financial-sector label does not by itself make financing operational.,https://dng-api.invesco.com/cache/v1/accounts/en_US/shareclasses/46137V233/holdings/fund?idType=cusip&productType=ETF
2026-10-02,S&P 500 Top 50 Index,CSCO,CSCO,Cisco Systems Inc,Information Technology,OPERATING_COMPANY_CANDIDATE,false,858877,B,,https://dng-api.invesco.com/cache/v1/accounts/en_US/shareclasses/46137V233/holdings/fund?idType=cusip&productType=ETF
2026-10-02,S&P 500 Top 50 Index,LRCX,LRCX,Lam Research Corp,Information Technology,OPERATING_COMPANY_CANDIDATE,false,707549,B,,https://dng-api.invesco.com/cache/v1/accounts/en_US/shareclasses/46137V233/holdings/fund?idType=cusip&productType=ETF
2026-10-02,S&P 500 Top 50 Index,PLTR,PLTR,Palantir Technologies Inc,Information Technology,OPERATING_COMPANY_CANDIDATE,false,1321655,B,,https://dng-api.invesco.com/cache/v1/accounts/en_US/shareclasses/46137V233/holdings/fund?idType=cusip&productType=ETF
2026-10-02,S&P 500 Top 50 Index,AMAT,AMAT,Applied Materials Inc,Information Technology,OPERATING_COMPANY_CANDIDATE,false,6951,B,,https://dng-api.invesco.com/cache/v1/accounts/en_US/shareclasses/46137V233/holdings/fund?idType=cusip&productType=ETF
2026-10-02,S&P 500 Top 50 Index,CVX,CVX,Chevron Corp,Energy,OPERATING_COMPANY_CANDIDATE,false,93410,B,,https://dng-api.invesco.com/cache/v1/accounts/en_US/shareclasses/46137V233/holdings/fund?idType=cusip&productType=ETF
2026-10-02,S&P 500 Top 50 Index,COST,COST,Costco Wholesale Corp,Consumer Staples,SUPPORTED_SEED,true,909832,SEED,,https://dng-api.invesco.com/cache/v1/accounts/en_US/shareclasses/46137V233/holdings/fund?idType=cusip&productType=ETF
2026-10-02,S&P 500 Top 50 Index,CAT,CAT,Caterpillar Inc,Industrials,OPERATING_COMPANY_CANDIDATE,false,18230,A,Industrial manufacturer with a material financing subsidiary; classify by consolidated evidence during smoke testing rather than sector alone.,https://dng-api.invesco.com/cache/v1/accounts/en_US/shareclasses/46137V233/holdings/fund?idType=cusip&productType=ETF
2026-10-02,S&P 500 Top 50 Index,MRK,MRK,Merck & Co Inc,Health Care,OPERATING_COMPANY_CANDIDATE,false,310158,B,,https://dng-api.invesco.com/cache/v1/accounts/en_US/shareclasses/46137V233/holdings/fund?idType=cusip&productType=ETF
2026-10-02,S&P 500 Top 50 Index,BAC,BAC,Bank of America Corp,Financials,SPECIALIZED_METHODOLOGY_CANDIDATE,false,70858,SPECIALIZED,"Bank; deposits, lending, interest spread, and regulatory capital are operating economics.",https://dng-api.invesco.com/cache/v1/accounts/en_US/shareclasses/46137V233/holdings/fund?idType=cusip&productType=ETF
2026-10-02,S&P 500 Top 50 Index,PG,PG,Procter & Gamble Co/The,Consumer Staples,OPERATING_COMPANY_CANDIDATE,false,80424,B,,https://dng-api.invesco.com/cache/v1/accounts/en_US/shareclasses/46137V233/holdings/fund?idType=cusip&productType=ETF
2026-10-02,S&P 500 Top 50 Index,UNH,UNH,UnitedHealth Group Inc,Health Care,SPECIALIZED_METHODOLOGY_CANDIDATE,false,731766,SPECIALIZED,Health insurer with material insurance liabilities and regulatory-capital economics despite operating health-services businesses.,https://dng-api.invesco.com/cache/v1/accounts/en_US/shareclasses/46137V233/holdings/fund?idType=cusip&productType=ETF
2026-10-02,S&P 500 Top 50 Index,KO,KO,Coca-Cola Co/The,Consumer Staples,OPERATING_COMPANY_CANDIDATE,false,21344,B,,https://dng-api.invesco.com/cache/v1/accounts/en_US/shareclasses/46137V233/holdings/fund?idType=cusip&productType=ETF
2026-10-02,S&P 500 Top 50 Index,GE,GE,General Electric Co,Industrials,OPERATING_COMPANY_CANDIDATE,false,40545,A,Post-separation industrial issuer with comparability and historical-boundary complexity.,https://dng-api.invesco.com/cache/v1/accounts/en_US/shareclasses/46137V233/holdings/fund?idType=cusip&productType=ETF
2026-10-02,S&P 500 Top 50 Index,PM,PM,Philip Morris International Inc,Consumer Staples,OPERATING_COMPANY_CANDIDATE,false,1413329,A,Global operating issuer with foreign-currency and acquisition complexity.,https://dng-api.invesco.com/cache/v1/accounts/en_US/shareclasses/46137V233/holdings/fund?idType=cusip&productType=ETF
2026-10-02,S&P 500 Top 50 Index,HD,HD,Home Depot Inc/The,Consumer Discretionary,OPERATING_COMPANY_CANDIDATE,false,354950,A,"Retail inventory, supplier finance, and lease stress case.",https://dng-api.invesco.com/cache/v1/accounts/en_US/shareclasses/46137V233/holdings/fund?idType=cusip&productType=ETF
2026-10-02,S&P 500 Top 50 Index,NFLX,NFLX,Netflix Inc,Communication Services,OPERATING_COMPANY_CANDIDATE,false,1065280,A,Content-asset accounting creates a high-information normalization stress case.,https://dng-api.invesco.com/cache/v1/accounts/en_US/shareclasses/46137V233/holdings/fund?idType=cusip&productType=ETF
2026-10-02,S&P 500 Top 50 Index,KLAC,KLAC,KLA Corp,Information Technology,OPERATING_COMPANY_CANDIDATE,false,319201,B,,https://dng-api.invesco.com/cache/v1/accounts/en_US/shareclasses/46137V233/holdings/fund?idType=cusip&productType=ETF
2026-10-02,S&P 500 Top 50 Index,TXN,TXN,Texas Instruments Inc,Information Technology,OPERATING_COMPANY_CANDIDATE,false,97476,B,,https://dng-api.invesco.com/cache/v1/accounts/en_US/shareclasses/46137V233/holdings/fund?idType=cusip&productType=ETF
2026-10-02,S&P 500 Top 50 Index,GEV,GEV,GE Vernova Inc,Industrials,OPERATING_COMPANY_CANDIDATE,false,1996810,A,Recent spin-off with limited standalone history and complex industrial reporting.,https://dng-api.invesco.com/cache/v1/accounts/en_US/shareclasses/46137V233/holdings/fund?idType=cusip&productType=ETF
2026-10-02,S&P 500 Top 50 Index,GS,GS,Goldman Sachs Group Inc/The,Financials,SPECIALIZED_METHODOLOGY_CANDIDATE,false,886982,SPECIALIZED,"Diversified financial institution; financing, trading, and regulatory capital are operating economics.",https://dng-api.invesco.com/cache/v1/accounts/en_US/shareclasses/46137V233/holdings/fund?idType=cusip&productType=ETF
2026-10-02,S&P 500 Top 50 Index,SNDK,SNDK,Sandisk Corp,Information Technology,OPERATING_COMPANY_CANDIDATE,false,2023554,A,Recent standalone issuer/spin structure is a high-information filing-history and comparability test.,https://dng-api.invesco.com/cache/v1/accounts/en_US/shareclasses/46137V233/holdings/fund?idType=cusip&productType=ETF
2026-10-02,S&P 500 Top 50 Index,ORCL,ORCL,Oracle Corp,Information Technology,OPERATING_COMPANY_CANDIDATE,false,1341439,B,,https://dng-api.invesco.com/cache/v1/accounts/en_US/shareclasses/46137V233/holdings/fund?idType=cusip&productType=ETF
2026-10-02,S&P 500 Top 50 Index,WFC,WFC,Wells Fargo & Co,Financials,SPECIALIZED_METHODOLOGY_CANDIDATE,false,72971,SPECIALIZED,"Bank; deposits, lending, interest spread, and regulatory capital are operating economics.",https://dng-api.invesco.com/cache/v1/accounts/en_US/shareclasses/46137V233/holdings/fund?idType=cusip&productType=ETF
2026-10-02,S&P 500 Top 50 Index,MS,MS,Morgan Stanley,Financials,SPECIALIZED_METHODOLOGY_CANDIDATE,false,895421,SPECIALIZED,"Diversified financial institution; brokerage, wealth management, financing, and regulatory capital require specialized treatment.",https://dng-api.invesco.com/cache/v1/accounts/en_US/shareclasses/46137V233/holdings/fund?idType=cusip&productType=ETF
2026-10-02,S&P 500 Top 50 Index,LIN,LIN,Linde PLC,Materials,OPERATING_COMPANY_CANDIDATE,false,1707925,B,,https://dng-api.invesco.com/cache/v1/accounts/en_US/shareclasses/46137V233/holdings/fund?idType=cusip&productType=ETF
2026-10-02,S&P 500 Top 50 Index,IBM,IBM,International Business Machines Corp,Information Technology,OPERATING_COMPANY_CANDIDATE,false,51143,B,,https://dng-api.invesco.com/cache/v1/accounts/en_US/shareclasses/46137V233/holdings/fund?idType=cusip&productType=ETF
2026-10-02,S&P 500 Top 50 Index,QCOM,QCOM,QUALCOMM Inc,Information Technology,OPERATING_COMPANY_CANDIDATE,false,804328,B,,https://dng-api.invesco.com/cache/v1/accounts/en_US/shareclasses/46137V233/holdings/fund?idType=cusip&productType=ETF
2026-10-02,S&P 500 Top 50 Index,VZ,VZ,Verizon Communications Inc,Communication Services,OPERATING_COMPANY_CANDIDATE,false,732712,B,,https://dng-api.invesco.com/cache/v1/accounts/en_US/shareclasses/46137V233/holdings/fund?idType=cusip&productType=ETF
2026-10-02,S&P 500 Top 50 Index,PEP,PEP,PepsiCo Inc,Consumer Staples,OPERATING_COMPANY_CANDIDATE,false,77476,B,,https://dng-api.invesco.com/cache/v1/accounts/en_US/shareclasses/46137V233/holdings/fund?idType=cusip&productType=ETF
2026-10-02,S&P 500 Top 50 Index,MCD,MCD,McDonald's Corp,Consumer Discretionary,OPERATING_COMPANY_CANDIDATE,false,63908,A,Franchise and lease-heavy operating-company stress case.,https://dng-api.invesco.com/cache/v1/accounts/en_US/shareclasses/46137V233/holdings/fund?idType=cusip&productType=ETF
